Rank,Markets,Base price,24h trade volume,24h volume
1,BTC/USDT,$46891.61,$6.20 billion,$6.20 billion
2,ETH/USDT,$1750.66,$2.18 billion,$2.18 billion
3,BNB/USDT,$108.04,$1.17 billion,$1.17 billion
4,DOGE/USDT,$0.0728,$1.15 billion,$1.15 billion
5,ETH/BTC,$1745.94,$1.08 billion,$1.08 billion
6,BUSD/USDT,$1.00,$1.03 billion,$1.03 billion
7,BTT/USDT,$0.001201,$634.11 million,$634.11 million
8,XRP/USDT,$0.4727,$604.59 million,$604.59 million
9,ADA/USDT,$0.6992,$471.91 million,$471.91 million
10,DOT/USDT,$23.21,$425.41 million,$425.41 million
11,BNB/BTC,$107.71,$383.90 million,$383.90 million
12,TRX/USDT,$0.0478,$340.62 million,$340.62 million
13,LTC/USDT,$175.25,$334.70 million,$334.70 million
14,DOGE/BTC,$0.0730,$329.93 million,$329.93 million
15,EGLD/USDT,$198.90,$287.09 million,$287.09 million
16,FIL/USDT,$38.18,$277.55 million,$277.55 million
17,EOS/USDT,$4.11,$245.07 million,$245.07 million
18,ADA/BTC,$0.6978,$232.00 million,$232.00 million
19,LINK/USDT,$26.38,$216.41 million,$216.41 million
20,BTC/USDC,$46858.82,$209.80 million,$209.80 million
21,BCH/USDT,$503.64,$205.60 million,$205.60 million
22,USDC/USDT,$1.00,$180.54 million,$180.54 million
23,DOT/BTC,$23.17,$168.02 million,$168.02 million
24,VET/USDT,$0.03614,$155.16 million,$155.16 million
25,XLM/USDT,$0.3970,$147.57 million,$147.57 million
26,SXP/USDT,$2.46,$146.96 million,$146.96 million
27,EUR/USDT,$1.21,$138.93 million,$138.93 million
28,AAVE/USDT,$495.56,$137.05 million,$137.05 million
29,XRP/BTC,$0.4715,$135.92 million,$135.92 million
30,NEO/USDT,$31.32,$129.59 million,$129.59 million
31,LINK/BTC,$26.31,$124.39 million,$124.39 million
32,LIT/USDT,$6.96,$111.98 million,$111.98 million
33,ALPHA/USDT,$2.15,$109.75 million,$109.75 million
34,LTC/BTC,$174.79,$104.43 million,$104.43 million
35,ALGO/USDT,$1.06,$101.14 million,$101.14 million
36,TRX/BTC,$0.0472,$94.44 million,$94.44 million
37,SUSHI/USDT,$14.21,$92.24 million,$92.24 million
38,EGLD/BTC,$198.03,$91.84 million,$91.84 million
39,UNI/USDT,$19.48,$90.92 million,$90.92 million
40,AVAX/USDT,$31.56,$84.29 million,$84.29 million
41,NPXS/USDT,$0.000968,$83.69 million,$83.69 million
42,ATOM/USDT,$15.25,$76.06 million,$76.06 million
43,XTZ/USDT,$3.76,$73.30 million,$73.30 million
44,YFI/USDT,$34310.17,$72.82 million,$72.82 million
45,MATIC/USDT,$0.0999,$72.45 million,$72.45 million
46,MIOTA/USDT,$0.7188,$71.57 million,$71.57 million
47,ZIL/USDT,$0.0945,$69.93 million,$69.93 million
48,THETA/USDT,$2.91,$67.62 million,$67.62 million
49,EOS/BTC,$4.10,$67.61 million,$67.61 million
50,ONT/USDT,$0.8404,$66.18 million,$66.18 million
51,WAVES/USDT,$10.38,$65.68 million,$65.68 million
52,BCH/BTC,$504.30,$63.99 million,$63.99 million
53,GRT/USDT,$0.9804,$59.66 million,$59.66 million
54,OMG/USDT,$5.18,$58.18 million,$58.18 million
55,BNB/ETH,$104.74,$57.99 million,$57.99 million
56,HOT/USDT,$0.001211,$55.92 million,$55.92 million
57,CRV/USDT,$3.22,$55.26 million,$55.26 million
58,BAND/USDT,$13.65,$54.80 million,$54.80 million
59,FIL/BTC,$37.53,$53.76 million,$53.76 million
60,ZRX/USDT,$1.55,$50.58 million,$50.58 million
61,AAVE/BTC,$498.52,$50.34 million,$50.34 million
62,WIN/USDT,$0.000172,$50.24 million,$50.24 million
63,GBP/USDT,$1.38,$49.97 million,$49.97 million
64,ETC/USDT,$9.62,$49.79 million,$49.79 million
65,SNX/USDT,$23.88,$48.59 million,$48.59 million
66,ZEC/USDT,$108.12,$48.38 million,$48.38 million
67,ETH/USDC,$1752.94,$48.24 million,$48.24 million
68,ALGO/BTC,$1.03,$45.87 million,$45.87 million
69,XLM/BTC,$0.3979,$42.72 million,$42.72 million
70,SOL/USDT,$7.92,$42.61 million,$42.61 million
71,SXP/BTC,$2.42,$40.65 million,$40.65 million
72,UNI/BTC,$19.50,$40.60 million,$40.60 million
73,INJ/USDT,$15.24,$38.71 million,$38.71 million
74,OGN/USDT,$0.5026,$38.51 million,$38.51 million
75,COMP/USDT,$484.52,$38.32 million,$38.32 million
76,ATOM/BTC,$15.13,$37.90 million,$37.90 million
77,MATIC/BTC,$0.0992,$37.78 million,$37.78 million
78,BTC/PAX,$47205.07,$36.87 million,$36.87 million
79,VET/BTC,$0.03621,$36.19 million,$36.19 million
80,DASH/USDT,$131.41,$35.31 million,$35.31 million
81,QTUM/USDT,$5.00,$34.36 million,$34.36 million
82,STX/USDT,$0.5475,$33.93 million,$33.93 million
83,PNT/USDT,$1.10,$32.36 million,$32.36 million
84,RSR/USDT,$0.0469,$30.74 million,$30.74 million
85,SUSHI/BTC,$14.18,$30.65 million,$30.65 million
86,MIOTA/BTC,$0.7139,$30.27 million,$30.27 million
87,XMR/BTC,$168.23,$30.21 million,$30.21 million
88,IOST/USDT,$0.02090,$30.15 million,$30.15 million
89,FTM/USDT,$0.1507,$29.01 million,$29.01 million
90,SRM/USDT,$3.35,$28.68 million,$28.68 million
91,KAVA/USDT,$4.01,$28.45 million,$28.45 million
92,AVAX/BTC,$31.21,$28.20 million,$28.20 million
93,XMR/USDT,$168.94,$27.98 million,$27.98 million
94,XTZ/BTC,$3.82,$27.77 million,$27.77 million
95,ONE/USDT,$0.01906,$27.49 million,$27.49 million
96,YFII/USDT,$2338.90,$27.01 million,$27.01 million
97,YFI/BTC,$34233.22,$26.56 million,$26.56 million
98,NANO/USDT,$4.66,$26.04 million,$26.04 million
99,ICX/USDT,$0.9303,$25.98 million,$25.98 million
100,SNX/BTC,$23.80,$24.92 million,$24.92 million
101,HBAR/USDT,$0.1084,$24.58 million,$24.58 million
102,TROY/USDT,$0.00759,$24.42 million,$24.42 million
103,NEO/BTC,$31.18,$23.59 million,$23.59 million
104,ZEN/USDT,$42.99,$23.59 million,$23.59 million
105,WAVES/BTC,$10.33,$23.41 million,$23.41 million
106,BTT/BNB,$0.001240,$23.28 million,$23.28 million
107,TUSD/USDT,$1.00,$22.79 million,$22.79 million
108,TWT/USDT,$0.6541,$22.77 million,$22.77 million
109,REN/USDT,$0.8810,$22.54 million,$22.54 million
110,ENJ/USDT,$0.4261,$22.11 million,$22.11 million
111,XEM/USDT,$0.3369,$22.10 million,$22.10 million
112,FET/USDT,$0.2414,$21.90 million,$21.90 million
113,DENT/USDT,$0.000751,$21.54 million,$21.54 million
114,VTHO/USDT,$0.00285,$21.45 million,$21.45 million
115,THETA/BTC,$2.90,$21.20 million,$21.20 million
116,ALPHA/BTC,$2.10,$20.78 million,$20.78 million
117,AKRO/USDT,$0.0471,$20.33 million,$20.33 million
118,COTI/USDT,$0.1076,$20.00 million,$20.00 million
119,DGB/USDT,$0.0515,$19.82 million,$19.82 million
120,LIT/BTC,$6.84,$19.61 million,$19.61 million
121,COMP/BTC,$483.00,$19.42 million,$19.42 million
122,ZIL/BTC,$0.0945,$19.11 million,$19.11 million
123,SOL/BTC,$7.90,$18.78 million,$18.78 million
124,BAT/USDT,$0.4349,$18.65 million,$18.65 million
125,GRT/BTC,$0.9754,$18.29 million,$18.29 million
126,ADA/ETH,$0.6932,$18.23 million,$18.23 million
127,KSM/USDT,$130.49,$18.16 million,$18.16 million
128,MKR/USDT,$2540.80,$17.87 million,$17.87 million
129,CHZ/USDT,$0.02702,$17.05 million,$17.05 million
131,AUD/USDT,$0.7691,$16.80 million,$16.80 million
130,XEM/BTC,$0.3363,$16.79 million,$16.79 million
132,KNC/USDT,$1.93,$16.30 million,$16.30 million
133,TFUEL/USDT,$0.0428,$15.81 million,$15.81 million
135,NPXS/ETH,$0.000981,$15.72 million,$15.72 million
134,KNC/BTC,$1.92,$15.72 million,$15.72 million
136,ANKR/USDT,$0.01967,$15.63 million,$15.63 million
137,OMG/BTC,$5.16,$15.53 million,$15.53 million
138,RVN/USDT,$0.0417,$15.40 million,$15.40 million
139,DGB/BTC,$0.0513,$15.38 million,$15.38 million
140,LRC/USDT,$0.6676,$15.33 million,$15.33 million
141,XVG/BTC,$0.01975,$15.24 million,$15.24 million
142,SC/USDT,$0.01039,$15.17 million,$15.17 million
143,JST/USDT,$0.0473,$14.93 million,$14.93 million
144,COTI/BTC,$0.1072,$14.65 million,$14.65 million
145,MDT/BTC,$0.0550,$14.62 million,$14.62 million
146,OGN/BTC,$0.5009,$14.53 million,$14.53 million
147,ONE/BTC,$0.01928,$14.46 million,$14.46 million
148,CRV/BTC,$3.20,$14.39 million,$14.39 million
149,MFT/USDT,$0.01633,$14.28 million,$14.28 million
150,AXS/USDT,$1.28,$14.27 million,$14.27 million
151,ZRX/BTC,$1.54,$14.14 million,$14.14 million
152,STX/BTC,$0.5446,$13.89 million,$13.89 million
153,PAX/USDT,$1.00,$13.85 million,$13.85 million
154,BAND/BTC,$13.60,$13.77 million,$13.77 million
155,INJ/BTC,$15.23,$13.72 million,$13.72 million
156,CELR/USDT,$0.01788,$13.57 million,$13.57 million
157,QTUM/BTC,$4.98,$13.54 million,$13.54 million
158,TRB/USDT,$42.81,$13.37 million,$13.37 million
159,FTT/USDT,$18.42,$13.29 million,$13.29 million
160,TOMO/USDT,$1.81,$13.19 million,$13.19 million
161,DIA/USDT,$2.61,$12.75 million,$12.75 million
162,NANO/BTC,$4.64,$12.70 million,$12.70 million
163,ETHOS/BTC,$2.46,$12.62 million,$12.62 million
164,SC/BTC,$0.01035,$12.51 million,$12.51 million
165,ZEC/BTC,$107.75,$12.19 million,$12.19 million
166,ADA/BNB,$0.6980,$12.16 million,$12.16 million
167,REN/BTC,$0.8799,$11.95 million,$11.95 million
168,ANKR/BTC,$0.01975,$11.76 million,$11.76 million
169,XRP/ETH,$0.4762,$11.75 million,$11.75 million
170,BTC/TUSD,$47290.52,$11.75 million,$11.75 million
171,FET/BTC,$0.2422,$11.66 million,$11.66 million
172,MANA/USDT,$0.2395,$11.64 million,$11.64 million
173,IOST/BTC,$0.02069,$11.15 million,$11.15 million
174,BZRX/USDT,$0.5625,$11.15 million,$11.15 million
175,ETH/PAX,$1754.66,$11.15 million,$11.15 million
176,TRX/ETH,$0.0477,$10.79 million,$10.79 million
177,ETC/BTC,$9.58,$10.27 million,$10.27 million
178,XRP/BNB,$0.4797,$10.20 million,$10.20 million
179,SKL/USDT,$0.2096,$10.07 million,$10.07 million
180,PNT/BTC,$1.09,$9.98 million,$9.98 million
181,EGLD/BNB,$197.47,$9.95 million,$9.95 million
182,BLZ/USDT,$0.1707,$9.69 million,$9.69 million
183,UMA/USDT,$28.72,$9.58 million,$9.58 million
184,TROY/BTC,$0.00800,$9.54 million,$9.54 million
185,BAT/BTC,$0.4331,$9.53 million,$9.53 million
186,CELR/BTC,$0.01787,$9.49 million,$9.49 million
187,ONT/BTC,$0.8371,$9.45 million,$9.45 million
188,RVN/BTC,$0.0419,$9.42 million,$9.42 million
189,KEY/USDT,$0.00538,$9.34 million,$9.34 million
190,BNB/USDC,$104.59,$9.20 million,$9.20 million
191,DOT/BNB,$23.26,$8.90 million,$8.90 million
192,ICX/BTC,$0.9260,$8.85 million,$8.85 million
193,STORJ/USDT,$0.5961,$8.69 million,$8.69 million
194,DASH/BTC,$130.98,$8.50 million,$8.50 million
195,ENJ/BTC,$0.4242,$8.31 million,$8.31 million
196,VET/ETH,$0.03669,$8.28 million,$8.28 million
197,RSR/BTC,$0.0466,$8.12 million,$8.12 million
198,FTM/BTC,$0.1496,$8.06 million,$8.06 million
199,EOS/ETH,$4.13,$7.94 million,$7.94 million
200,CVC/USDT,$0.2443,$7.86 million,$7.86 million
201,PERL/USDT,$0.0642,$7.53 million,$7.53 million
202,CHR/USDT,$0.0538,$7.52 million,$7.52 million
203,MTL/USDT,$0.6941,$7.27 million,$7.27 million
204,HBAR/BTC,$0.1082,$7.17 million,$7.17 million
205,PAXG/USDT,$1856.61,$7.12 million,$7.12 million
206,LTO/BTC,$0.3306,$6.96 million,$6.96 million
207,DENT/ETH,$0.000753,$6.93 million,$6.93 million
208,KSM/BTC,$130.04,$6.91 million,$6.91 million
209,BTS/USDT,$0.0524,$6.80 million,$6.80 million
210,OXT/USDT,$0.4471,$6.76 million,$6.76 million
211,LRC/BTC,$0.6631,$6.75 million,$6.75 million
212,TFUEL/BTC,$0.0428,$6.72 million,$6.72 million
213,RLC/USDT,$1.69,$6.72 million,$6.72 million
214,MBL/USDT,$0.00219,$6.63 million,$6.63 million
215,MKR/BTC,$2526.65,$6.60 million,$6.60 million
216,AVAX/BNB,$31.60,$6.60 million,$6.60 million
217,HOT/ETH,$0.001209,$6.38 million,$6.38 million
218,LTC/ETH,$176.82,$6.32 million,$6.32 million
219,SRM/BTC,$3.34,$6.29 million,$6.29 million
221,BNT/USDT,$2.73,$6.29 million,$6.29 million
220,KAVA/BTC,$3.99,$6.28 million,$6.28 million
222,AKRO/BTC,$0.0475,$6.23 million,$6.23 million
223,ANT/USDT,$5.71,$5.86 million,$5.86 million
224,LINK/ETH,$26.45,$5.86 million,$5.86 million
225,WAN/USDT,$0.6320,$5.82 million,$5.82 million
226,ARPA/USDT,$0.03373,$5.74 million,$5.74 million
227,FTT/BTC,$18.34,$5.72 million,$5.72 million
228,CKB/USDT,$0.00784,$5.61 million,$5.61 million
229,MDT/USDT,$0.0550,$5.52 million,$5.52 million
230,GTO/USDT,$0.02224,$5.49 million,$5.49 million
231,STRAX/USDT,$0.9560,$5.34 million,$5.34 million
232,OST/BTC,$0.01787,$5.31 million,$5.31 million
233,HIVE/USDT,$0.1960,$5.25 million,$5.25 million
234,TOMO/BTC,$1.81,$5.13 million,$5.13 million
235,HNT/USDT,$3.93,$5.13 million,$5.13 million
236,ADA/USDC,$0.6930,$4.91 million,$4.91 million
237,ZEN/BTC,$42.85,$4.86 million,$4.86 million
238,LTO/USDT,$0.3315,$4.75 million,$4.75 million
239,FUN/USDT,$0.0376,$4.71 million,$4.71 million
240,CHZ/BTC,$0.02728,$4.63 million,$4.63 million
241,ETH/TUSD,$1755.76,$4.57 million,$4.57 million
242,XRP/USDC,$0.4769,$4.57 million,$4.57 million
243,NULS/BTC,$0.4590,$4.50 million,$4.50 million
244,DIA/BTC,$2.60,$4.49 million,$4.49 million
245,FIL/BNB,$37.70,$4.39 million,$4.39 million
246,AXS/BTC,$1.28,$4.38 million,$4.38 million
247,LTC/USDC,$176.04,$4.35 million,$4.35 million
249,UNI/BNB,$19.71,$4.32 million,$4.32 million
248,GO/BTC,$0.02304,$4.32 million,$4.32 million
250,TRX/USDC,$0.0478,$4.15 million,$4.15 million
251,AAVE/ETH,$499.32,$4.14 million,$4.14 million
252,DNT/USDT,$0.1949,$4.07 million,$4.07 million
253,ORN/USDT,$5.40,$4.01 million,$4.01 million
254,AION/USDT,$0.0931,$3.94 million,$3.94 million
255,RIF/USDT,$0.2628,$3.93 million,$3.93 million
256,BNT/BTC,$2.71,$3.87 million,$3.87 million
257,TWT/BTC,$0.6504,$3.81 million,$3.81 million
258,YFII/BTC,$2329.40,$3.75 million,$3.75 million
259,LINK/USDC,$26.55,$3.71 million,$3.71 million
260,SCRT/BTC,$1.76,$3.69 million,$3.69 million
261,LSK/USDT,$1.88,$3.69 million,$3.69 million
262,LTC/BNB,$177.45,$3.65 million,$3.65 million
263,CHR/BTC,$0.0536,$3.64 million,$3.64 million
264,MITH/USDT,$0.01616,$3.61 million,$3.61 million
265,NMR/USDT,$38.45,$3.59 million,$3.59 million
266,EASY/ETH,$15.91,$3.54 million,$3.54 million
267,SXP/BNB,$2.44,$3.53 million,$3.53 million
268,WAN/BTC,$0.6288,$3.48 million,$3.48 million
269,BZRX/BTC,$0.5620,$3.45 million,$3.45 million
270,DREP/BTC,$0.00658,$3.44 million,$3.44 million
271,COS/USDT,$0.01358,$3.37 million,$3.37 million
272,WTC/USDT,$0.5787,$3.31 million,$3.31 million
273,UMA/BTC,$28.64,$3.27 million,$3.27 million
274,MTL/BTC,$0.6904,$3.21 million,$3.21 million
275,NEO/ETH,$31.25,$3.19 million,$3.19 million
276,LSK/BTC,$1.87,$3.19 million,$3.19 million
277,BTT/USDC,$0.001226,$3.19 million,$3.19 million
278,REP/USDT,$23.54,$3.17 million,$3.17 million
279,AAVE/BNB,$501.21,$3.16 million,$3.16 million
280,TRX/BNB,$0.0481,$3.15 million,$3.15 million
281,AST/BTC,$0.2149,$3.14 million,$3.14 million
282,XVG/ETH,$0.01945,$3.12 million,$3.12 million
283,ALPHA/BNB,$2.12,$3.11 million,$3.11 million
284,DREP/USDT,$0.00628,$3.10 million,$3.10 million
285,CELO/USDT,$3.55,$3.10 million,$3.10 million
286,MANA/BTC,$0.2380,$3.09 million,$3.09 million
287,DCR/USDT,$98.71,$2.99 million,$2.99 million
288,AGI/BTC,$0.1411,$2.97 million,$2.97 million
289,DCR/BTC,$98.20,$2.95 million,$2.95 million
290,BAND/BNB,$13.68,$2.88 million,$2.88 million
291,WRX/USDT,$0.1416,$2.87 million,$2.87 million
292,IRIS/USDT,$0.1031,$2.85 million,$2.85 million
293,ADX/BTC,$0.6156,$2.81 million,$2.81 million
294,PAXG/BTC,$1847.81,$2.80 million,$2.80 million
295,IOTX/USDT,$0.01560,$2.79 million,$2.79 million
296,INJ/BNB,$15.26,$2.77 million,$2.77 million
297,TCT/USDT,$0.01743,$2.73 million,$2.73 million
298,SKL/BTC,$0.2083,$2.72 million,$2.72 million
299,RLC/BTC,$1.69,$2.72 million,$2.72 million
300,WIN/BNB,$0.000172,$2.71 million,$2.71 million
301,BLZ/BTC,$0.1698,$2.64 million,$2.64 million
302,EOS/BNB,$4.16,$2.63 million,$2.63 million
303,QKC/BTC,$0.01129,$2.61 million,$2.61 million
304,DUSK/USDT,$0.1183,$2.61 million,$2.61 million
305,JST/BTC,$0.0475,$2.59 million,$2.59 million
306,STRAX/BTC,$0.9509,$2.59 million,$2.59 million
307,HOT/BNB,$0.001228,$2.52 million,$2.52 million
308,DNT/BTC,$0.1938,$2.46 million,$2.46 million
309,PERL/BTC,$0.0640,$2.45 million,$2.45 million
310,ATOM/BNB,$15.27,$2.36 million,$2.36 million
311,WNXM/USDT,$54.91,$2.34 million,$2.34 million
312,NULS/USDT,$0.4610,$2.33 million,$2.33 million
313,EOS/TUSD,$4.14,$2.33 million,$2.33 million
314,BCH/BNB,$509.79,$2.33 million,$2.33 million
315,RIF/BTC,$0.2615,$2.32 million,$2.32 million
316,UTK/USDT,$0.3208,$2.29 million,$2.29 million
317,MIOTA/ETH,$0.7144,$2.29 million,$2.29 million
318,BTS/BTC,$0.0522,$2.26 million,$2.26 million
319,FUN/BTC,$0.0376,$2.24 million,$2.24 million
320,STORJ/BTC,$0.5949,$2.21 million,$2.21 million
321,XLM/BNB,$0.4020,$2.20 million,$2.20 million
322,GTO/BTC,$0.02210,$2.20 million,$2.20 million
323,ARPA/BTC,$0.03339,$2.19 million,$2.19 million
324,ZIL/ETH,$0.0947,$2.19 million,$2.19 million
325,XLM/ETH,$0.3986,$2.12 million,$2.12 million
326,CKB/BTC,$0.00800,$2.11 million,$2.11 million
327,DATA/USDT,$0.0771,$2.09 million,$2.09 million
328,THETA/ETH,$2.92,$2.07 million,$2.07 million
329,CTSI/USDT,$0.0916,$2.06 million,$2.06 million
330,TRX/XRP,$0.0473,$2.05 million,$2.05 million
331,VET/BNB,$0.0369,$2.02 million,$2.02 million
332,MFT/ETH,$0.01640,$2.02 million,$2.02 million
333,EOS/USDC,$4.14,$2.00 million,$2.00 million
334,CTXC/USDT,$0.1571,$1.99 million,$1.99 million
335,NEBL/BTC,$1.61,$1.97 million,$1.97 million
336,GRT/ETH,$0.9746,$1.95 million,$1.95 million
338,ONG/USDT,$0.2853,$1.92 million,$1.92 million
337,VIDT/BTC,$0.5860,$1.91 million,$1.91 million
339,NKN/USDT,$0.0527,$1.91 million,$1.91 million
340,BEAM/USDT,$0.4861,$1.89 million,$1.89 million
341,MFT/BNB,$0.01646,$1.89 million,$1.89 million
342,COS/BTC,$0.01317,$1.86 million,$1.86 million
343,ETHOS/ETH,$2.44,$1.86 million,$1.86 million
344,TRB/BTC,$42.61,$1.86 million,$1.86 million
345,SOL/BNB,$7.95,$1.84 million,$1.84 million
346,POWR/BTC,$0.1486,$1.82 million,$1.82 million
348,ARDR/USDT,$0.1073,$1.80 million,$1.80 million
347,SNT/BTC,$0.0691,$1.80 million,$1.80 million
349,STPT/USDT,$0.02703,$1.79 million,$1.79 million
350,ALGO/BNB,$1.04,$1.79 million,$1.79 million
351,ONE/BNB,$0.01911,$1.77 million,$1.77 million
352,PAXG/BNB,$1862.66,$1.77 million,$1.77 million
353,LOOM/BTC,$0.0701,$1.77 million,$1.77 million
354,UTK/BTC,$0.3198,$1.77 million,$1.77 million
355,BTG/BTC,$14.30,$1.74 million,$1.74 million
356,ORN/BTC,$5.38,$1.68 million,$1.68 million
357,CREAM/BNB,$230.91,$1.66 million,$1.66 million
358,OGN/BNB,$0.5061,$1.63 million,$1.63 million
359,PPT/BTC,$1.60,$1.61 million,$1.61 million
360,CELR/BNB,$0.01797,$1.60 million,$1.60 million
361,CVC/BTC,$0.2427,$1.59 million,$1.59 million
362,MIOTA/BNB,$0.7222,$1.57 million,$1.57 million
363,HEGIC/ETH,$0.3834,$1.57 million,$1.57 million
365,KMD/USDT,$0.8575,$1.56 million,$1.56 million
364,NMR/BTC,$38.33,$1.56 million,$1.56 million
366,SUSHI/BNB,$14.35,$1.55 million,$1.55 million
367,DATA/BTC,$0.0762,$1.54 million,$1.54 million
368,PIVX/BTC,$0.5620,$1.52 million,$1.52 million
369,WTC/BTC,$0.5738,$1.51 million,$1.51 million
371,SCRT/ETH,$1.76,$1.50 million,$1.50 million
370,GAS/BTC,$2.61,$1.50 million,$1.50 million
372,SYS/BTC,$0.1242,$1.50 million,$1.50 million
374,BTT/TUSD,$0.001244,$1.49 million,$1.49 million
373,KMD/BTC,$0.8512,$1.49 million,$1.49 million
375,OXT/BTC,$0.4454,$1.48 million,$1.48 million
376,SC/ETH,$0.01041,$1.47 million,$1.47 million
377,LRC/ETH,$0.6653,$1.45 million,$1.45 million
378,IRIS/BTC,$0.1030,$1.45 million,$1.45 million
379,QLC/BTC,$0.0522,$1.44 million,$1.44 million
380,STX/BNB,$0.5504,$1.44 million,$1.44 million
381,NEO/BNB,$31.62,$1.43 million,$1.43 million
382,SNM/BTC,$0.01787,$1.40 million,$1.40 million
383,NKN/BTC,$0.0527,$1.39 million,$1.39 million
384,NANO/ETH,$4.64,$1.39 million,$1.39 million
385,GXS/USDT,$0.4787,$1.36 million,$1.36 million
386,SNX/BNB,$24.00,$1.36 million,$1.36 million
387,XMR/ETH,$168.63,$1.36 million,$1.36 million
388,ARDR/BTC,$0.1068,$1.35 million,$1.35 million
389,ELF/BTC,$0.1956,$1.35 million,$1.35 million
390,BCH/USDC,$506.16,$1.34 million,$1.34 million
391,YFI/BNB,$34496.02,$1.34 million,$1.34 million
392,DOCK/USDT,$0.03247,$1.33 million,$1.33 million
393,OST/ETH,$0.01801,$1.32 million,$1.32 million
394,VTHO/BNB,$0.00287,$1.31 million,$1.31 million
395,DUSK/BTC,$0.1180,$1.31 million,$1.31 million
396,AION/BTC,$0.0926,$1.28 million,$1.28 million
397,VIB/BTC,$0.0395,$1.26 million,$1.26 million
398,BNB/TUSD,$104.88,$1.25 million,$1.25 million
399,MATIC/BNB,$0.1001,$1.24 million,$1.24 million
400,TCT/BTC,$0.01740,$1.23 million,$1.23 million
401,XTZ/BNB,$3.85,$1.22 million,$1.22 million
402,STEEM/BTC,$0.2540,$1.21 million,$1.21 million
403,ANT/BTC,$5.68,$1.19 million,$1.19 million
404,SKY/BTC,$1.12,$1.19 million,$1.19 million
405,GVT/BTC,$3.45,$1.19 million,$1.19 million
406,DOCK/BTC,$0.03245,$1.18 million,$1.18 million
407,AVA/USDT,$1.87,$1.18 million,$1.18 million
408,KEY/ETH,$0.00540,$1.16 million,$1.16 million
409,IOTX/BTC,$0.01552,$1.16 million,$1.16 million
410,ARK/BTC,$0.5959,$1.15 million,$1.15 million
411,WAVES/ETH,$10.35,$1.15 million,$1.15 million
412,IDEX/BTC,$0.0658,$1.14 million,$1.14 million
413,PHB/BTC,$0.00611,$1.14 million,$1.14 million
414,TROY/BNB,$0.00760,$1.13 million,$1.13 million
415,BCD/BTC,$0.8216,$1.13 million,$1.13 million
416,ETC/ETH,$9.59,$1.11 million,$1.11 million
417,CELO/BTC,$3.53,$1.11 million,$1.11 million
418,WRX/BTC,$0.1411,$1.09 million,$1.09 million
419,POLY/BTC,$0.1345,$1.08 million,$1.08 million
420,REQ/BTC,$0.0621,$1.06 million,$1.06 million
421,AVA/BTC,$1.86,$1.05 million,$1.05 million
422,ZRX/ETH,$1.55,$1.04 million,$1.04 million
423,BRD/BTC,$0.1561,$1.04 million,$1.04 million
424,MITH/BTC,$0.01646,$1.03 million,$1.03 million
425,THETA/BNB,$2.92,$1.02 million,$1.02 million
426,EVX/BTC,$0.4882,$1.02 million,$1.02 million
427,HIVE/BTC,$0.1952,$1.02 million,$1.02 million
430,KNC/ETH,$1.93,$1.01 million,$1.01 million
428,CTSI/BTC,$0.0908,$1.01 million,$1.01 million
429,REP/BTC,$23.42,$1.01 million,$1.01 million
431,WNXM/BTC,$54.65,$1.01 million,$1.01 million
432,OMG/ETH,$5.17,$1.01 million,$1.01 million
433,BOT/BTC,$1818.65,$1.00 million,$1.00 million
434,VIA/BTC,$0.6330,$998245.53,$998245.53
435,OAX/BTC,$0.1989,$969208.94,$969208.94
436,FET/BNB,$0.2442,$941140.66,$941140.66
437,ONT/ETH,$0.8428,$940406.88,$940406.88
438,AMB/BTC,$0.02869,$938443.77,$938443.77
439,COTI/BNB,$0.1070,$934592.14,$934592.14
440,FRONT/ETH,$1.04,$931932.78,$931932.78
441,DGB/BNB,$0.0517,$924062.82,$924062.82
442,VITE/USDT,$0.02969,$914923.02,$914923.02
443,ZIL/BNB,$0.0961,$882802.87,$882802.87
444,MBL/BNB,$0.00219,$880648.69,$880648.69
445,MTH/BTC,$0.02116,$857575.66,$857575.66
446,WABI/BTC,$0.1585,$855663.94,$855663.94
447,TNB/BTC,$0.00282,$847555.38,$847555.38
448,RDN/BTC,$0.3292,$828826.37,$828826.37
449,YOYO/BTC,$0.01646,$819866.57,$819866.57
450,NEO/USDC,$31.20,$815217.99,$815217.99
451,AERGO/BTC,$0.0673,$812925.03,$812925.03
452,RSR/BNB,$0.0469,$810899.48,$810899.48
453,GRS/BTC,$0.4755,$806434.35,$806434.35
454,ZEC/ETH,$108.10,$804506.92,$804506.92
455,QSP/BTC,$0.0437,$803447.18,$803447.18
456,WAVES/BNB,$10.45,$787442.28,$787442.28
457,DASH/ETH,$131.45,$780685.43,$780685.43
458,ICX/ETH,$0.9269,$773149.16,$773149.16
459,ZEN/ETH,$42.77,$716964.27,$716964.27
460,BEAM/BTC,$0.4844,$703929.42,$703929.42
461,XEM/ETH,$0.3366,$702861.52,$702861.52
462,HNT/BTC,$3.90,$696829.52,$696829.52
463,POA/BTC,$0.03527,$696407.00,$696407.00
464,KSM/BNB,$131.24,$677276.41,$677276.41
465,ONG/BTC,$0.2845,$671946.32,$671946.32
466,APPC/BTC,$0.0705,$662318.89,$662318.89
467,VIBE/BTC,$0.02022,$660211.49,$660211.49
468,JST/BNB,$0.0478,$659397.29,$659397.29
469,NCASH/ETH,$0.00186,$657879.91,$657879.91
470,XRP/TUSD,$0.4769,$657860.39,$657860.39
471,SNGLS/BTC,$0.01035,$656456.60,$656456.60
472,NAS/ETH,$0.4293,$649673.91,$649673.91
473,IOTX/ETH,$0.01559,$649002.57,$649002.57
474,ANT/BNB,$5.73,$646361.90,$646361.90
475,SWRV/BNB,$1.71,$630640.86,$630640.86
476,STPT/BTC,$0.02681,$621307.09,$621307.09
477,ETC/BNB,$9.68,$614631.09,$614631.09
478,WAN/ETH,$0.6308,$609036.48,$609036.48
479,ZEC/USDC,$108.72,$602282.62,$602282.62
480,DLT/BTC,$0.0879,$593816.76,$593816.76
481,LTC/TUSD,$176.59,$589851.07,$589851.07
482,ENJ/ETH,$0.4257,$588382.77,$588382.77
483,FTT/BNB,$18.69,$586496.11,$586496.11
484,ICX/BNB,$0.9426,$585895.42,$585895.42
485,QTUM/ETH,$4.95,$583678.88,$583678.88
486,SC/BNB,$0.01050,$569271.33,$569271.33
487,FTM/BNB,$0.1519,$562649.53,$562649.53
488,GXS/BTC,$0.4764,$560494.98,$560494.98
489,ALGO/TUSD,$1.04,$558092.28,$558092.28
490,CRV/BNB,$3.23,$549304.99,$549304.99
491,RCN/BTC,$0.0710,$546971.16,$546971.16
492,TRX/TUSD,$0.0477,$536081.76,$536081.76
493,IQ/BNB,$0.00604,$533703.44,$533703.44
494,YFII/BNB,$2350.20,$524993.76,$524993.76
495,WPR/BTC,$0.01646,$522951.32,$522951.32
496,MDA/BTC,$0.8776,$522265.92,$522265.92
497,VITE/BTC,$0.02963,$517527.42,$517527.42
498,NAS/BTC,$0.4327,$517189.13,$517189.13
499,IOST/ETH,$0.02090,$516648.40,$516648.40
500,WIN/USDC,$0.000172,$505117.99,$505117.99
501,NXS/BTC,$0.5286,$501195.73,$501195.73
502,CVP/ETH,$3.03,$498079.68,$498079.68
503,QLC/ETH,$0.0526,$497813.45,$497813.45
504,SRM/BNB,$3.36,$493051.35,$493051.35
505,IOST/BNB,$0.02096,$490947.83,$490947.83
506,CDT/BTC,$0.01693,$489443.00,$489443.00
507,HBAR/BNB,$0.1086,$488618.55,$488618.55
508,LOOM/ETH,$0.0702,$486457.04,$486457.04
509,CHZ/BNB,$0.02709,$484481.31,$484481.31
510,CTXC/BTC,$0.1561,$478659.75,$478659.75
511,SUSD/USDT,$1.01,$477119.98,$477119.98
512,DASH/BNB,$131.38,$468099.81,$468099.81
513,ADA/TUSD,$0.6914,$451428.19,$451428.19
514,NAV/BTC,$0.3306,$448554.82,$448554.82
515,XMR/BNB,$170.18,$442834.62,$442834.62
516,ANKR/BNB,$0.02000,$436126.39,$436126.39
517,DIA/BNB,$2.63,$435702.51,$435702.51
518,RVN/BNB,$0.0420,$410802.39,$410802.39
519,ENJ/BNB,$0.4310,$408674.05,$408674.05
520,BCPT/BTC,$0.02210,$407615.94,$407615.94
521,BAT/BNB,$0.4376,$399640.45,$399640.45
522,ZEN/BNB,$43.41,$378650.16,$378650.16
523,STRAX/ETH,$0.9515,$376901.79,$376901.79
524,ZEC/BNB,$109.13,$375566.42,$375566.42
525,RLC/ETH,$1.68,$375133.83,$375133.83
526,NEBL/ETH,$1.62,$374931.10,$374931.10
527,BAT/ETH,$0.4327,$373953.69,$373953.69
528,CND/BTC,$0.01646,$367201.87,$367201.87
529,STEEM/ETH,$0.2541,$366418.53,$366418.53
530,AXS/BNB,$1.29,$363454.91,$363454.91
531,ARPA/BNB,$0.03416,$359646.12,$359646.12
532,CTSI/BNB,$0.0914,$353685.98,$353685.98
533,MKR/BNB,$2553.49,$353554.42,$353554.42
534,PERL/BNB,$0.0648,$343996.15,$343996.15
535,LSK/ETH,$1.88,$340522.84,$340522.84
536,BLZ/ETH,$0.1700,$339581.32,$339581.32
537,KAVA/BNB,$4.03,$324778.02,$324778.02
538,QKC/ETH,$0.01118,$323885.99,$323885.99
539,PHB/TUSD,$0.00652,$323483.62,$323483.62
540,XRP/PAX,$0.4768,$319904.37,$319904.37
541,ONT/BNB,$0.8488,$317877.35,$317877.35
542,VIB/ETH,$0.0391,$306221.71,$306221.71
543,PIVX/ETH,$0.5642,$304285.45,$304285.45
544,AVA/BNB,$1.88,$302594.83,$302594.83
545,POWR/ETH,$0.1501,$299147.79,$299147.79
546,SNT/ETH,$0.0692,$284746.23,$284746.23
547,WAN/BNB,$0.6347,$283857.88,$283857.88
548,MITH/BNB,$0.01634,$272545.88,$272545.88
549,FUN/ETH,$0.0374,$267725.25,$267725.25
550,MANA/ETH,$0.2391,$264674.57,$264674.57
551,CHR/BNB,$0.0542,$258668.05,$258668.05
552,TRX/PAX,$0.0480,$255811.06,$255811.06
553,MTL/ETH,$0.6904,$253277.49,$253277.49
554,WABI/BNB,$0.1589,$246395.16,$246395.16
555,ADX/ETH,$0.6152,$244580.47,$244580.47
556,QSP/ETH,$0.0438,$231189.26,$231189.26
557,BRD/ETH,$0.1566,$222577.61,$222577.61
558,SUSD/BTC,$1.01,$218304.12,$218304.12
559,ELF/ETH,$0.1964,$213896.93,$213896.93
560,BLZ/BNB,$0.1715,$206714.68,$206714.68
561,WRX/BNB,$0.1423,$204332.96,$204332.96
562,COS/BNB,$0.01360,$202325.80,$202325.80
563,LINK/TUSD,$26.54,$201682.79,$201682.79
564,GXS/ETH,$0.4766,$200953.90,$200953.90
565,ATOM/USDC,$15.09,$188351.34,$188351.34
566,CMT/ETH,$0.01069,$181491.82,$181491.82
567,RENBTC/BTC,$47344.27,$180832.17,$180832.17
568,KMD/ETH,$0.8516,$180055.99,$180055.99
569,BCH/TUSD,$507.31,$177920.01,$177920.01
570,CDT/ETH,$0.01687,$177291.85,$177291.85
571,GHST/ETH,$0.8087,$176841.65,$176841.65
572,BNT/ETH,$2.71,$156910.08,$156910.08
573,BNB/PAX,$103.20,$151681.59,$151681.59
574,AION/ETH,$0.0929,$143955.45,$143955.45
575,REP/ETH,$23.43,$143397.48,$143397.48
576,DATA/ETH,$0.0773,$138093.32,$138093.32
577,PROM/BNB,$5.45,$134886.78,$134886.78
578,WTC/BNB,$0.5789,$130356.57,$130356.57
579,DF/ETH,$0.2402,$116282.81,$116282.81
580,BCH/PAX,$507.81,$113269.92,$113269.92
581,BAT/USDC,$0.4346,$108264.61,$108264.61
582,CVC/ETH,$0.2427,$105358.69,$105358.69
583,WNXM/BNB,$55.35,$104305.27,$104305.27
584,SUSD/ETH,$1.01,$99316.96,$99316.96
585,LTC/PAX,$176.30,$85353.56,$85353.56
586,NMR/BNB,$38.85,$78202.79,$78202.79
587,RENBTC/ETH,$47994.03,$38076.48,$38076.48
588,BGBP/USDC,$1.39,$13906.14,$13906.14
589,MFT/BTC,$0.00376,$9867.86,$9867.86
590,USDC/BNB,$22.94,$5995.98,$5995.98
591,ERD/USDT,$0.01975,$4391.34,$4391.34
592,DGD/ETH,$337.48,$3496.30,$3496.30
593,BCH/BTC,$1379.39,$2029.09,$2029.09
594,INS/BTC,$0.2906,$1866.53,$1866.53
595,LUN/BTC,$4.00,$1791.85,$1791.85
596,PHX/BTC,$0.0847,$1399.25,$1399.25
597,BTG/ETH,$92.42,$1231.06,$1231.06
598,CND/ETH,$0.0455,$1153.82,$1153.82
599,ENG/BTC,$2.92,$1035.13,$1035.13
600,LEND/BTC,$2.12,$986.73,$986.73
601,NXS/ETH,$1.35,$973.60,$973.60
602,SUB/BTC,$0.2149,$961.59,$961.59
603,OST/BNB,$0.0554,$938.26,$938.26
604,TUSD/TUSD,$0.9990,$883.49,$883.49
605,TUSD/BTC,$12.21,$879.42,$879.42
606,NXS/BNB,$1.15,$820.04,$820.04
607,FIRO/USDT,$4.46,$748.13,$748.13
608,GO/BNB,$0.0730,$739.87,$739.87
609,CVC/BNB,$0.2227,$705.24,$705.24
610,DAI/BTC,$4.22,$704.19,$704.19
611,PAX/BTC,$11.84,$698.55,$698.55
612,BTS/ETH,$0.1664,$675.03,$675.03
613,APPC/BNB,$0.1994,$664.54,$664.54
614,USDC/TUSD,$1.00,$650.98,$650.98
615,TCT/BNB,$0.0441,$646.29,$646.29
616,PAX/BNB,$21.22,$636.45,$636.45
617,SYS/ETH,$0.1936,$634.91,$634.91
618,AMB/ETH,$0.0718,$633.21,$633.21
619,PPT/ETH,$2.47,$632.49,$632.49
620,GTO/USDC,$0.01197,$598.26,$598.26
621,NAV/ETH,$0.8533,$515.42,$515.42
622,BNB/USDS,$28.40,$511.17,$511.17
623,BCH/PAX,$221.38,$501.13,$501.13
624,TFUEL/USDC,$0.00357,$500.22,$500.22
625,GRS/ETH,$1.34,$484.96,$484.96
626,SALT/BTC,$2.00,$454.90,$454.90
627,POWR/BNB,$0.4059,$446.53,$446.53
628,ERD/BNB,$0.0878,$437.86,$437.86
629,PHX/BNB,$0.0481,$430.50,$430.50
630,EOS/PAX,$2.59,$387.99,$387.99
631,APPC/ETH,$0.2558,$379.39,$379.39
632,BULL/USDT,$1373.38,$377.16,$377.16
633,DREP/BNB,$0.00989,$363.75,$363.75
634,EDO/ETH,$3.97,$357.35,$357.35
635,FIRO/ETH,$5.43,$352.64,$352.64
636,ERD/BTC,$0.0790,$316.04,$316.04
637,ARDR/BNB,$0.3340,$315.99,$315.99
638,MCO/BNB,$28.30,$314.09,$314.09
639,AE/BTC,$0.1373,$310.91,$310.91
640,ALGO/PAX,$0.2041,$299.59,$299.59
641,DLT/BNB,$0.2531,$285.19,$285.19
642,KEY/BTC,$0.00611,$264.71,$264.71
643,WINGS/BTC,$0.5611,$260.34,$260.34
644,MOD/BTC,$2.01,$257.09,$257.09
645,ADX/BNB,$0.5197,$239.58,$239.58
646,BTCB/BTC,$47030.11,$235.15,$235.15
647,BTT/BTC,$0.00235,$235.15,$235.15
648,HC/ETH,$9.00,$230.30,$230.30
649,SUB/ETH,$0.2161,$216.12,$216.12
650,YOYO/ETH,$0.1021,$214.45,$214.45
651,MTH/ETH,$0.0725,$205.70,$205.70
652,TUSD/BNB,$7.15,$200.07,$200.07
653,HOT/BTC,$0.000941,$193.89,$193.89
654,ERD/PAX,$0.001254,$183.36,$183.36
655,DAI/USDT,$1.02,$170.54,$170.54
656,STORM/BNB,$0.00691,$157.08,$157.08
657,YOYO/BNB,$0.0631,$150.19,$150.19
658,NULS/ETH,$0.9099,$150.13,$150.13
659,RLC/BNB,$3.53,$149.14,$149.14
660,TUSD/ETH,$13.35,$146.89,$146.89
661,AE/ETH,$0.3837,$145.45,$145.45
662,DUSK/USDC,$0.01791,$142.92,$142.92
663,BRD/BNB,$0.2604,$141.67,$141.67
664,VITE/BNB,$0.0745,$137.98,$137.98
665,LEND/USDT,$0.5155,$135.47,$135.47
666,PAX/TUSD,$1.00,$132.99,$132.99
667,COCOS/BTC,$0.00141,$132.28,$132.28
668,ZRX/BNB,$1.10,$126.60,$126.60
669,STORM/USDT,$0.00340,$122.97,$122.97
670,ATOM/TUSD,$2.60,$121.33,$121.33
671,AGI/ETH,$0.1290,$119.21,$119.21
672,XLM/PAX,$0.0422,$118.76,$118.76
673,HC/USDT,$0.8442,$118.08,$118.08
674,CTXC/BNB,$0.4346,$116.48,$116.48
675,PIVX/BNB,$1.75,$115.52,$115.52
676,NEO/PAX,$11.13,$114.87,$114.87
677,ATOM/PAX,$3.18,$114.50,$114.50
678,BAT/TUSD,$0.2225,$110.18,$110.18
679,BZRX/BNB,$0.5419,$108.55,$108.55
680,DGD/BTC,$184.88,$107.23,$107.23
681,GNT/BNB,$0.2572,$105.18,$105.18
682,STORM/ETH,$0.02450,$101.27,$101.27
683,TFUEL/BNB,$0.01327,$97.10,$97.10
684,FTM/USDC,$0.01107,$95.68,$95.68
685,XLM/USDC,$0.0497,$95.23,$95.23
686,PHX/ETH,$0.0984,$93.30,$93.30
687,MCO/ETH,$10.11,$92.95,$92.95
688,POE/ETH,$0.01163,$88.61,$88.61
689,DOGE/USDC,$0.00213,$87.46,$87.46
690,ONT/PAX,$0.8458,$84.58,$84.58
691,USDSB/USDS,$1.27,$81.95,$81.95
692,XLM/TUSD,$0.0684,$80.79,$80.79
693,ETC/TUSD,$3.80,$76.95,$76.95
694,NPXS/BTC,$0.00141,$70.55,$70.55
695,LINK/PAX,$3.99,$69.05,$69.05
696,ANKR/TUSD,$0.00213,$67.22,$67.22
697,POA/ETH,$0.0857,$66.33,$66.33
698,TNB/ETH,$0.01318,$65.88,$65.88
699,BTS/BNB,$0.1527,$63.51,$63.51
700,NCASH/BNB,$0.00716,$61.95,$61.95
701,DOGE/PAX,$0.00217,$60.45,$60.45
702,IRIS/BNB,$0.1752,$59.41,$59.41
703,BCD/ETH,$4.40,$59.16,$59.16
704,FTM/TUSD,$0.01097,$57.72,$57.72
705,CLOAK/ETH,$7.26,$57.41,$57.41
707,ALGO/USDC,$0.2381,$57.04,$57.04
706,STORM/BTC,$0.01646,$56.99,$56.99
708,QSP/BNB,$0.0552,$54.53,$54.53
709,POLY/BNB,$0.1538,$52.61,$52.61
710,POA/BNB,$0.0971,$52.24,$52.24
711,VIA/BNB,$1.01,$51.51,$51.51
712,SNM/ETH,$0.0874,$51.11,$51.11
713,BCPT/ETH,$0.1434,$51.03,$51.03
714,NULS/BNB,$1.33,$50.36,$50.36
715,ERD/USDC,$0.00136,$48.76,$48.76
716,REQ/ETH,$0.0875,$47.96,$47.96
717,ONE/USDC,$0.00520,$46.31,$46.31
718,ARK/ETH,$1.83,$46.02,$46.02
720,BCPT/BNB,$0.1225,$44.60,$44.60
719,TNT/ETH,$0.01612,$44.59,$44.59
721,NAV/BNB,$0.4467,$44.23,$44.23
722,EVX/ETH,$1.09,$43.80,$43.80
723,XEM/BNB,$0.2574,$43.75,$43.75
724,BCH/TUSD,$220.53,$41.37,$41.37
725,ARN/ETH,$0.5145,$41.16,$41.16
726,STORJ/ETH,$0.5241,$40.88,$40.88
727,ZEC/PAX,$42.13,$40.22,$40.22
728,ARDR/ETH,$0.3306,$40.01,$40.01
729,TRB/BNB,$54.51,$39.03,$39.03
730,DUSK/PAX,$0.01892,$38.39,$38.39
731,DENT/BTC,$0.00188,$35.28,$35.28
732,VIA/ETH,$1.50,$34.50,$34.50
733,PHB/USDC,$0.00587,$34.37,$34.37
734,QTUM/BNB,$10.12,$32.38,$32.38
735,CMT/BTC,$0.01317,$31.39,$31.39
736,PAX/ETH,$15.56,$31.12,$31.12
737,REN/BNB,$0.4834,$30.94,$30.94
738,BCH/USDC,$220.40,$30.41,$30.41
739,STPT/BNB,$0.0706,$30.09,$30.09
740,BCPT/TUSD,$0.02610,$30.04,$30.04
741,TFUEL/TUSD,$0.00308,$28.52,$28.52
742,ONG/BNB,$0.5746,$28.10,$28.10
743,GNT/BTC,$0.3189,$28.06,$28.06
744,LEND/ETH,$2.40,$26.44,$26.44
745,WABI/ETH,$0.7063,$26.13,$26.13
746,HIVE/BNB,$0.4523,$25.96,$25.96
747,FIRO/BTC,$6.37,$25.87,$25.87
748,BAT/PAX,$0.2558,$25.58,$25.58
749,MDT/BNB,$0.0777,$24.72,$24.72
750,WINGS/ETH,$0.5863,$24.62,$24.62
751,ONT/USDC,$0.5711,$24.56,$24.56
752,TOMO/BNB,$3.43,$24.37,$24.37
753,WAVES/USDC,$1.20,$24.15,$24.15
754,NANO/BNB,$5.89,$23.57,$23.57
755,CND/BNB,$0.03584,$23.22,$23.22
756,NEO/TUSD,$11.84,$23.04,$23.04
757,RCN/BNB,$0.3662,$22.34,$22.34
758,INS/ETH,$0.8779,$21.95,$21.95
759,SYS/BNB,$0.1724,$21.20,$21.20
760,ARN/BTC,$0.3579,$21.12,$21.12
761,GVT/ETH,$6.74,$20.89,$20.89
762,GTO/TUSD,$0.01238,$20.54,$20.54
763,AGI/BNB,$0.0814,$20.51,$20.51
764,MOD/ETH,$2.04,$20.45,$20.45
765,USDS/PAX,$1.00,$19.81,$19.81
766,USDS/TUSD,$1.00,$19.79,$19.79
767,LTO/BNB,$0.2615,$19.61,$19.61
768,OMG/BNB,$4.15,$19.52,$19.52
769,SNGLS/ETH,$0.0930,$19.25,$19.25
770,RDN/ETH,$1.25,$18.80,$18.80
771,POE/BTC,$0.00235,$18.67,$18.67
772,NAS/BNB,$2.46,$18.48,$18.48
773,NKN/BNB,$0.0788,$18.04,$18.04
774,AION/BNB,$0.2755,$17.91,$17.91
775,SALT/ETH,$1.99,$17.55,$17.55
776,VIBE/ETH,$0.1002,$17.54,$17.54
777,FIRO/BNB,$28.20,$17.20,$17.20
778,BCH/USDT,$220.58,$17.06,$17.06
779,NPXS/USDC,$0.000170,$17.03,$17.03
780,MCO/BTC,$9.94,$16.40,$16.40
781,STEEM/BNB,$0.4724,$16.20,$16.20
782,BTC/USDS,$12242.76,$16.01,$16.01
783,SKY/BNB,$3.19,$15.93,$15.93
784,AE/BNB,$0.8193,$14.75,$14.75
785,CMT/BNB,$0.0608,$13.81,$13.81
786,BEAM/BNB,$2.30,$13.54,$13.54
787,GTO/BNB,$0.0371,$13.47,$13.47
788,TNT/BTC,$0.1227,$12.64,$12.64
789,DCR/BNB,$82.35,$12.52,$12.52
790,PERL/USDC,$0.02448,$12.45,$12.45
791,BTT/PAX,$0.000387,$12.09,$12.09
792,ANKR/PAX,$0.00209,$12.08,$12.08
793,ZEC/TUSD,$51.56,$11.59,$11.59
794,COMP/BNB,$603.00,$11.46,$11.46
795,WAVES/PAX,$0.8035,$11.39,$11.39
796,USDC/PAX,$1.00,$11.26,$11.26
797,PHB/BNB,$0.01444,$11.11,$11.11
799,DUSK/BNB,$0.1244,$11.04,$11.04
798,BCPT/PAX,$0.02763,$11.03,$11.03
800,MCO/USDT,$2.75,$11.00,$11.00
801,LOOM/BNB,$0.0933,$10.92,$10.92
802,ETC/USDC,$4.71,$10.75,$10.75
803,AMB/BNB,$0.0722,$10.54,$10.54
804,ANKR/USDC,$0.00210,$10.49,$10.49
805,TFUEL/PAX,$0.00349,$10.47,$10.47
806,MBL/BTC,$0.00235,$10.28,$10.28
807,USDS/USDT,$0.9991,$10.10,$10.10
808,FTM/PAX,$0.01029,$10.02,$10.02
809,TOMO/USDC,$0.3672,$10.01,$10.01
810,CLOAK/BTC,$7.31,$9.65,$9.65
811,USDS/USDC,$1.00,$9.47,$9.47
812,HC/BTC,$0.9406,$8.77,$8.77
813,RDN/BNB,$0.6569,$7.03,$7.03
814,DOCK/ETH,$0.0575,$6.62,$6.62
815,ENG/ETH,$3.27,$6.54,$6.54
816,MDA/ETH,$3.17,$6.35,$6.35
817,LUN/ETH,$8.57,$6.26,$6.26
818,USDSB/USDT,$1.00,$6.11,$6.11
819,GTO/ETH,$0.0560,$6.11,$6.11
820,DNT/ETH,$0.0491,$6.09,$6.09
821,SKY/ETH,$3.89,$5.99,$5.99
822,GNT/ETH,$0.3867,$5.80,$5.80
823,FIRO/XRP,$9.84,$5.71,$5.71
824,AST/ETH,$0.1220,$5.49,$5.49
825,FUEL/BTC,$0.01223,$5.44,$5.44
826,EDO/BTC,$2.64,$5.28,$5.28
827,RCN/ETH,$0.6589,$5.27,$5.27
828,FUEL/ETH,$0.0389,$5.25,$5.25
829,WPR/ETH,$0.0704,$5.14,$5.14
830,DLT/ETH,$0.2945,$5.01,$5.01
831,OAX/ETH,$0.3115,$4.98,$4.98
832,GTO/PAX,$0.01362,$4.41,$4.41
833,WTC/ETH,$0.4153,$2.79,$2.79
834,DAI/BNB,$5.14,$2.57,$2.57
835,WIN/BTC,$0.000470,$2.53,$2.53
836,NEBL/BNB,$1.43,$2.14,$2.14
837,DOGE/BNB,$0.01610,$1.79,$1.79
838,WAVES/TUSD,$1.07,$1.76,$1.76
839,LSK/BNB,$6.85,$1.37,$1.37
840,NCASH/BTC,$0.00235,$1.18,$1.18
841,REP/BNB,$47.10,$0.4710,$0.4710
842,QLC/BNB,$0.0972,$0.2916,$0.2916
843,BCPT/USDC,$0.02729,$0.01092,$0.01092
844,ADA/PAX,$0.03260,$0.00652,$0.00652
845,ONE/PAX,$0.00496,$0.00149,$0.00149
846,ONE/TUSD,$0.00473,$0.000945,$0.000945
855,BSV/BTC,$525.75,$0,$0
856,USDC/BTC,$14.64,$0,$0
857,BCH/ETH,$4014.42,$0,$0
858,YOYOW/BNB,$0.1073,$0,$0
859,YOYOW/ETH,$0.1094,$0,$0
854,BSV/USDT,$468.63,$0,$0
853,BSV/TUSD,$475.05,$0,$0
852,BSV/PAX,$467.90,$0,$0
851,BSV/USDC,$462.88,$0,$0
860,YOYOW/BTC,$0.1072,$0,$0
849,PHB/PAX,$0,$0,$0
848,COCOS/BNB,$0.000908,$0,$0
847,COCOS/USDT,$0.000996,$0,$0
850,ETC/PAX,$0.00797,$0,$0
